{"Player One Betting Range": {"K9s": 0.0, "AKo": 0.0, "93o": 0.0, "ATo": 0.0, "A6o": 0.0, "K3o": 0.0, "K2o": 0.0, "82s": 0.0, "JJ": 0.0, "82o": 1.0, "QTo": 0.0, "43o": 0.0, "K3s": 0.26716937408167524, "JTo": 0.0, "J7o": 0.0, "73s": 1.0, "QTs": 0.0, "97o": 0.0, "Q4o": 0.0, "84o": 0.0, "Q4s": 1.0, "93s": 0.39756735551067457, "T8s": 0.0, "T6o": 0.0, "53o": 0.0, "K4o": 0.0, "86o": 0.0, "AJo": 0.0, "72o": 0.8475875427481303, "74o": 1.0, "A9o": 0.0, "T5o": 0.0, "Q3s": 0.4078166196454245, "J2s": 0.34896040149752805, "KJo": 0.0, "J2o": 0.0, "83o": 0.0, "A9s": 0.0, "Q2o": 0.0, "AKs": 0.0, "Q6o": 0.0, "A2o": 0.0, "J3o": 0.0, "J5o": 0.0, "63o": 1.0, "T3o": 0.0, "74s": 1.0, "42o": 0.31095079825309996, "98o": 0.0, "J8o": 0.0, "Q8o": 0.0, "K9o": 0.0, "AQo": 0.0, "53s": 0.0, "62o": 0.0, "92o": 0.0, "T4o": 0.0, "T8o": 0.0, "J3s": 0.1398680767519311, "T5s": 0.0, "AA": 0.0, "K6s": 0.0, "86s": 0.0, "A2s": 1.0, "K6o": 0.0, "22": 1.0, "Q2s": 0.44756047258910675, "55": 1.0, "73o": 0.45166848253369424, "T7s": 0.0, "95s": 0.8680918275517076, "A4o": 0.0, "A4s": 1.0, "T2o": 0.0, "T9s": 0.0, "J7s": 0.0, "95o": 0.0, "T9o": 0.0, "KTo": 0.0, "88": 0.0, "94o": 0.0, "Q3o": 0.0, "Q7s": 0.0, "85o": 0.0, "A8o": 0.0, "K4s": 1.0, "Q7o": 0.0, "65s": 0.0, "QJs": 0.0, "Q5s": 0.0, "72s": 0.49631938127905684, "96o": 0.0, "87s": 0.0, "77": 1.0, "65o": 1.0, "87o": 0.0, "TT": 0.0, "J4o": 0.0, "96s": 0.1693588053941752, "Q5o": 0.0, "QJo": 0.0, "J6o": 0.0, "K5o": 0.0, "Q6s": 0.0, "75s": 1.0, "A3o": 0.0, "32s": 0.0, "64s": 0.0, "K8o": 0.0, "76s": 1.0, "K7o": 0.0, "Q9s": 0.0, "66": 1.0, "A8s": 0.0, "A7o": 0.0, "32o": 0.0, "52o": 0.05900111267848655, "K7s": 0.0, "99": 0.0, "T3s": 0.0, "QQ": 0.0, "Q8s": 0.0, "T7o": 0.0, "92s": 0.0, "33": 1.0, "83s": 1.0, "J5s": 0.2140441120551098, "K5s": 0.0, "A7s": 0.0, "64o": 0.0, "63s": 0.0, "A5o": 0.0, "J9s": 0.0, "A5s": 0.4549818417911632, "T2s": 1.0, "T4s": 0.0, "85s": 0.0, "KQo": 0.0, "A3s": 0.9639584990830012, "94s": 0.0, "K2s": 0.5926033141956902, "J8s": 0.0, "KK": 0.0, "76o": 0.0, "54o": 0.320623123142231, "Q9o": 0.0, "KJs": 0.0, "75o": 0.0, "J9o": 0.0, "42s": 0.0, "52s": 0.0, "97s": 0.0, "J6s": 0.5525747305534391, "J4s": 1.0, "T6s": 0.0, "54s": 0.0, "JTs": 0.0, "KTs": 0.0, "62s": 0.0, "A6s": 0.0, "AQs": 0.0, "44": 1.0, "ATs": 0.0, "AJs": 1.0, "84s": 0.0, "K8s": 0.0, "98s": 0.0, "43s": 0.0, "KQs": 0.0}, "Player One Call All-in Range": {"K9s": 0.0, "AKo": 0.0, "93o": 0.0, "ATo": 0.0, "A6o": 0.0, "K3o": 0.0, "K2o": 0.0, "82s": 0.0, "JJ": 0.0, "82o": 0.0, "QTo": 0.0, "43o": 0.0, "K3s": 0.0, "JTo": 0.0, "J7o": 0.0, "73s": 1.0, "QTs": 0.0, "97o": 0.0, "Q4o": 0.0, "84o": 0.0, "Q4s": 1.0, "93s": 0.0, "T8s": 0.0, "T6o": 0.0, "53o": 0.0, "K4o": 0.0, "86o": 0.0, "AJo": 0.0, "72o": 0.0, "74o": 0.0, "A9o": 0.0, "T5o": 0.0, "Q3s": 1.0, "J2s": 0.0, "KJo": 0.0, "J2o": 0.0, "83o": 0.0, "A9s": 0.0, "Q2o": 0.0, "AKs": 0.0, "Q6o": 0.0, "A2o": 0.0, "J3o": 0.0, "J5o": 0.0, "63o": 0.0, "T3o": 0.0, "74s": 0.5938233823393064, "42o": 0.0, "98o": 0.0, "J8o": 0.0, "Q8o": 0.0, "K9o": 0.0, "AQo": 0.0, "53s": 0.0, "62o": 0.0, "92o": 0.0, "T4o": 0.0, "T8o": 0.0, "J3s": 0.4255495064556936, "T5s": 0.0, "AA": 0.0, "K6s": 0.0, "86s": 0.0, "A2s": 0.0, "K6o": 0.0, "22": 1.0, "Q2s": 0.0, "55": 1.0, "73o": 0.0, "T7s": 0.0, "95s": 1.0, "A4o": 0.0, "A4s": 0.0, "T2o": 0.0, "T9s": 0.0, "J7s": 0.0, "95o": 0.0, "T9o": 0.0, "KTo": 0.0, "88": 0.0, "94o": 0.0, "Q3o": 0.0, "Q7s": 0.0, "85o": 0.0, "A8o": 0.0, "K4s": 1.0, "Q7o": 0.0, "65s": 0.0, "QJs": 0.0, "Q5s": 0.0, "72s": 0.0, "96o": 0.0, "87s": 0.0, "77": 1.0, "65o": 0.0, "87o": 0.0, "TT": 0.0, "J4o": 0.0, "96s": 0.0, "Q5o": 0.0, "QJo": 0.0, "J6o": 0.0, "K5o": 0.0, "Q6s": 0.0, "75s": 0.39244095804850426, "A3o": 0.0, "32s": 0.0, "64s": 0.0, "K8o": 0.0, "76s": 0.502730656930574, "K7o": 0.0, "Q9s": 0.0, "66": 1.0, "A8s": 0.0, "A7o": 0.0, "32o": 0.0, "52o": 0.0, "K7s": 0.0, "99": 0.0, "T3s": 0.0, "QQ": 0.0, "Q8s": 0.0, "T7o": 0.0, "92s": 0.0, "33": 1.0, "83s": 1.0, "J5s": 0.0, "K5s": 0.0, "A7s": 0.0, "64o": 0.0, "63s": 0.0, "A5o": 0.0, "J9s": 0.0, "A5s": 0.0, "T2s": 0.0, "T4s": 0.0, "85s": 0.0, "KQo": 0.0, "A3s": 0.0, "94s": 0.0, "K2s": 0.0, "J8s": 0.0, "KK": 0.0, "76o": 0.0, "54o": 0.0, "Q9o": 0.0, "KJs": 0.0, "75o": 0.0, "J9o": 0.0, "42s": 0.0, "52s": 0.0, "97s": 0.0, "J6s": 1.0, "J4s": 0.0, "T6s": 0.0, "54s": 0.0, "JTs": 0.0, "KTs": 0.0, "62s": 0.0, "A6s": 0.0, "AQs": 0.0, "44": 1.0, "ATs": 0.0, "AJs": 1.0, "84s": 0.0, "K8s": 0.0, "98s": 0.0, "43s": 0.0, "KQs": 0.0}, "Player One Check-Raise All-in Range": {"K9s": 0.0, "AKo": 0.0, "93o": 0.0, "ATo": 0.0, "A6o": 0.0, "K3o": 0.0, "K2o": 0.0, "82s": 0.0, "JJ": 1.0, "82o": 0.0, "QTo": 0.0, "43o": 0.0, "K3s": 0.0, "JTo": 0.0, "J7o": 0.0, "73s": 0.0, "QTs": 0.0, "97o": 0.0, "Q4o": 0.0, "84o": 0.0, "Q4s": 0.0, "93s": 0.0, "T8s": 0.0, "T6o": 0.0, "53o": 0.0, "K4o": 0.0, "86o": 0.0, "AJo": 0.0, "72o": 0.0, "74o": 0.0, "A9o": 0.0, "T5o": 0.0, "Q3s": 0.0, "J2s": 0.0, "KJo": 0.0, "J2o": 0.0, "83o": 0.0, "A9s": 1.0, "Q2o": 0.0, "AKs": 1.0, "Q6o": 0.0, "A2o": 0.0, "J3o": 0.0, "J5o": 0.0, "63o": 0.0, "T3o": 0.0, "74s": 0.0, "42o": 0.0, "98o": 0.0, "J8o": 0.0, "Q8o": 0.0, "K9o": 0.4852682717172944, "AQo": 1.0, "53s": 0.0, "62o": 0.0, "92o": 0.0, "T4o": 0.0, "T8o": 0.0, "J3s": 0.0, "T5s": 0.0, "AA": 1.0, "K6s": 0.0, "86s": 0.0, "A2s": 0.0, "K6o": 0.0, "22": 0.0, "Q2s": 0.0, "55": 0.0, "73o": 0.0, "T7s": 0.0, "95s": 0.0, "A4o": 1.0, "A4s": 0.0, "T2o": 0.0, "T9s": 0.0, "J7s": 0.0, "95o": 0.0, "T9o": 0.0, "KTo": 0.0, "88": 1.0, "94o": 0.0, "Q3o": 0.0, "Q7s": 0.0, "85o": 0.0, "A8o": 0.0, "K4s": 0.0, "Q7o": 0.24719840616196317, "65s": 0.0, "QJs": 0.0, "Q5s": 0.0, "72s": 0.0, "96o": 0.0, "87s": 0.0, "77": 0.0, "65o": 0.0, "87o": 0.0, "TT": 1.0, "J4o": 0.0, "96s": 0.0, "Q5o": 0.0, "QJo": 0.0, "J6o": 0.0, "K5o": 0.0, "Q6s": 0.0, "75s": 0.0, "A3o": 0.0, "32s": 0.0, "64s": 0.0, "K8o": 0.0, "76s": 0.0, "K7o": 0.0, "Q9s": 0.0, "66": 0.0, "A8s": 0.0, "A7o": 0.34744198277693106, "32o": 0.0, "52o": 0.0, "K7s": 0.0, "99": 1.0, "T3s": 0.0, "QQ": 1.0, "Q8s": 0.0, "T7o": 0.0, "92s": 0.0, "33": 0.0, "83s": 0.0, "J5s": 0.0, "K5s": 0.0, "A7s": 0.0, "64o": 0.0, "63s": 0.0, "A5o": 0.0, "J9s": 0.0, "A5s": 0.0, "T2s": 0.0, "T4s": 0.0, "85s": 0.0, "KQo": 0.0, "A3s": 0.0, "94s": 0.0, "K2s": 0.0, "J8s": 0.0, "KK": 1.0, "76o": 0.0, "54o": 0.0, "Q9o": 0.0, "KJs": 0.0, "75o": 0.0, "J9o": 0.0, "42s": 0.0, "52s": 0.0, "97s": 0.0, "J6s": 0.0, "J4s": 0.0, "T6s": 0.0, "54s": 0.0, "JTs": 0.0, "KTs": 0.0, "62s": 0.0, "A6s": 0.0, "AQs": 1.0, "44": 0.0, "ATs": 0.0, "AJs": 0.0, "84s": 0.0, "K8s": 0.0, "98s": 0.0, "43s": 0.0, "KQs": 0.0}, "Player One Check-Call Range": {"K9s": 1.0, "AKo": 1.0, "93o": 0.0, "ATo": 1.0, "A6o": 0.40844418335067434, "K3o": 0.0, "K2o": 0.0, "82s": 1.0, "JJ": 0.0, "82o": 0.0, "QTo": 1.0, "43o": 0.0, "K3s": 1.0, "JTo": 1.0, "J7o": 0.0, "73s": 0.0, "QTs": 1.0, "97o": 0.0, "Q4o": 0.0, "84o": 0.0, "Q4s": 0.0, "93s": 1.0, "T8s": 1.0, "T6o": 0.0, "53o": 0.0, "K4o": 0.0, "86o": 0.0, "AJo": 1.0, "72o": 0.0, "74o": 0.0, "A9o": 1.0, "T5o": 0.5056543581832273, "Q3s": 1.0, "J2s": 1.0, "KJo": 1.0, "J2o": 0.0, "83o": 0.0, "A9s": 0.0, "Q2o": 0.0, "AKs": 0.0, "Q6o": 0.0, "A2o": 0.0, "J3o": 0.0, "J5o": 0.0, "63o": 0.0, "T3o": 0.0, "74s": 0.0, "42o": 0.0, "98o": 1.0, "J8o": 1.0, "Q8o": 1.0, "K9o": 0.5147317282827055, "AQo": 0.0, "53s": 0.0, "62o": 0.0, "92o": 0.0, "T4o": 0.0, "T8o": 1.0, "J3s": 1.0, "T5s": 1.0, "AA": 0.0, "K6s": 1.0, "86s": 1.0, "A2s": 0.0, "K6o": 0.0, "22": 0.0, "Q2s": 1.0, "55": 0.0, "73o": 0.0, "T7s": 1.0, "95s": 1.0, "A4o": 0.0, "A4s": 0.0, "T2o": 0.0, "T9s": 1.0, "J7s": 1.0, "95o": 0.0, "T9o": 1.0, "KTo": 1.0, "88": 0.0, "94o": 0.0, "Q3o": 0.0, "Q7s": 1.0, "85o": 0.0, "A8o": 1.0, "K4s": 0.0, "Q7o": 0.2030676556828386, "65s": 1.0, "QJs": 1.0, "Q5s": 1.0, "72s": 0.0, "96o": 0.0, "87s": 1.0, "77": 0.0, "65o": 0.0, "87o": 0.0, "TT": 0.0, "J4o": 0.0, "96s": 1.0, "Q5o": 0.0, "QJo": 1.0, "J6o": 0.0, "K5o": 0.538200086326277, "Q6s": 1.0, "75s": 0.0, "A3o": 0.0, "32s": 0.0, "64s": 1.0, "K8o": 1.0, "76s": 0.0, "K7o": 0.5477228331058965,